Date,Confirmed,Deaths,Recovered,Active,New cases,New deaths,New recovered,Deaths / 100 Cases,Recovered / 100 Cases,Deaths / 100 Recovered,Number of countries,,Country,Population,Confirmed Cases,Death Cases,Recovered Cases,Active Cases,New Cases,New Deaths,New recovered,Deaths / 100 Cases,Recovered / 100 Cases,Deaths / 100 Recovered,Confirmed last week,1 week change,1 week % increase,WHO Region
2020-01-22,555,17,28,510,0,0,0,3.06,5.05,60.71,6,,Afghanistan,38928341,36263,1269,25198,9796,106,10,18,3.5,69.49,5.04,35526,737,2.07,Eastern Mediterranean
2020-01-23,654,18,30,606,99,1,2,2.75,4.59,60,8,,Albania,2877800,4880,144,2745,1991,117,6,63,2.95,56.25,5.25,4171,709,17,Europe
2020-01-24,941,26,36,879,287,8,6,2.76,3.83,72.22,9,,Algeria,43851043,27973,1163,18837,7973,616,8,749,4.16,67.34,6.17,23691,4282,18.07,Africa
2020-01-25,1434,42,39,1353,493,16,3,2.93,2.72,107.69,11,,Andorra,77265,907,52,803,52,10,0,0,5.73,88.53,6.48,884,23,2.6,Europe
2020-01-26,2118,56,52,2010,684,14,13,2.64,2.46,107.69,13,,Angola,32866268,950,41,242,667,18,1,0,4.32,25.47,16.94,749,201,26.84,Africa
2020-01-27,2927,82,61,2784,809,26,9,2.8,2.08,134.43,16,,Antigua and Barbuda,97928,86,3,65,18,4,0,5,3.49,75.58,4.62,76,10,13.16,Americas
2020-01-28,5578,131,107,5340,2651,49,46,2.35,1.92,122.43,16,,Argentina,45195777,167416,3059,72575,91782,4890,120,2057,1.83,43.35,4.21,130774,36642,28.02,Americas
2020-01-29,6166,133,125,5908,588,2,18,2.16,2.03,106.4,18,,Armenia,2963234,37390,711,26665,10014,73,6,187,1.9,71.32,2.67,34981,2409,6.89,Europe
2020-01-30,8234,171,141,7922,2068,38,16,2.08,1.71,121.28,20,,Australia,25499881,15303,167,9311,5825,368,6,137,1.09,60.84,1.79,12428,2875,23.13,Western Pacific
2020-01-31,9927,213,219,9495,1693,42,78,2.15,2.21,97.26,24,,Austria,9006400,20558,713,18246,1599,86,1,37,3.47,88.75,3.91,19743,815,4.13,Europe
2020-02-01,12038,259,281,11498,2111,46,62,2.15,2.33,92.17,25,,Azerbaijan,10139175,30446,423,23242,6781,396,6,558,1.39,76.34,1.82,27890,2556,9.16,Europe
2020-02-02,16787,362,459,15966,4749,103,178,2.16,2.73,78.87,25,,Bahamas,393248,382,11,91,280,40,0,0,2.88,23.82,12.09,174,208,119.54,Americas
2020-02-03,19887,426,604,18857,3100,64,145,2.14,3.04,70.53,25,,Bahrain,1701583,39482,141,36110,3231,351,1,421,0.36,91.46,0.39,36936,2546,6.89,Eastern Mediterranean
2020-02-04,23898,492,821,22585,4011,66,217,2.06,3.44,59.93,26,,Bangladesh,164689383,226225,2965,125683,97577,2772,37,1801,1.31,55.56,2.36,207453,18772,9.05,South-East Asia
2020-02-05,27643,564,1071,26008,3745,72,250,2.04,3.87,52.66,26,,Barbados,287371,110,7,94,9,0,0,0,6.36,85.45,7.45,106,4,3.77,Americas
2020-02-06,30802,634,1418,28750,3159,70,347,2.06,4.6,44.71,26,,Belarus,9449321,67251,538,60492,6221,119,4,67,0.8,89.95,0.89,66213,1038,1.57,Europe
2020-02-07,34334,719,1903,31712,3532,85,485,2.09,5.54,37.78,26,,Belgium,11589616,66428,9822,17452,39154,402,1,14,14.79,26.27,56.28,64094,2334,3.64,Europe
2020-02-08,37068,806,2470,33792,2734,87,567,2.17,6.66,32.63,26,,Belize,397621,48,2,26,20,0,0,0,4.17,54.17,7.69,40,8,20,Americas
2020-02-09,40095,906,3057,36132,3027,100,587,2.26,7.62,29.64,26,,Benin,12123198,1770,35,1036,699,0,0,0,1.98,58.53,3.38,1602,168,10.49,Africa
2020-02-10,42633,1013,3714,37906,2538,107,657,2.38,8.71,27.28,26,,Bhutan,771612,99,0,86,13,4,0,1,0,86.87,0,90,9,10,South-East Asia
2020-02-11,44675,1113,4417,39145,2042,100,703,2.49,9.89,25.2,26,,Bolivia,11673029,71181,2647,21478,47056,1752,64,309,3.72,30.17,12.32,60991,10190,16.71,Americas
2020-02-12,46561,1118,4849,40594,1886,5,432,2.4,10.41,23.06,26,,Bosnia and Herzegovina,3280815,10498,294,4930,5274,731,14,375,2.8,46.96,5.96,8479,2019,23.81,Europe
2020-02-13,60206,1371,5930,52905,13645,253,1081,2.28,9.85,23.12,26,,Botswana,2351625,739,2,63,674,53,1,11,0.27,8.53,3.17,522,217,41.57,Africa
2020-02-14,66690,1523,7613,57554,6484,152,1683,2.28,11.42,20.01,27,,Brazil,212559409,2442375,87618,1846641,508116,23284,614,33728,3.59,75.61,4.74,2118646,323729,15.28,Americas
2020-02-15,68765,1666,8902,58197,2075,143,1289,2.42,12.95,18.71,27,,Brunei,437479,141,3,138,0,0,0,0,2.13,97.87,2.17,141,0,0,Western Pacific
2020-02-16,70879,1770,10319,58790,2114,104,1417,2.5,14.56,17.15,27,,Bulgaria,6948445,10621,347,5585,4689,194,7,230,3.27,52.58,6.21,8929,1692,18.95,Europe
2020-02-17,72815,1868,11951,58996,1936,98,1632,2.57,16.41,15.63,27,,Burkina Faso,20903278,1100,53,926,121,14,0,6,4.82,84.18,5.72,1065,35,3.29,Africa
2020-02-18,74609,2008,13693,58908,1794,140,1742,2.69,18.35,14.66,27,,Burma,54409800,350,6,292,52,0,0,2,1.71,83.43,2.05,341,9,2.64,South-East Asia
2020-02-19,75030,2123,15394,57513,421,115,1701,2.83,20.52,13.79,28,,Burundi,11890781,378,1,301,76,17,0,22,0.26,79.63,0.33,322,56,17.39,Africa
2020-02-20,75577,2246,17369,55962,547,123,1975,2.97,22.98,12.93,28,,Cabo Verde,548800,2328,22,1550,756,21,0,103,0.95,66.58,1.42,2071,257,12.41,Africa
2020-02-21,76206,2250,17966,55990,629,4,597,2.95,23.58,12.52,30,,Cambodia,16718971,226,0,147,79,1,0,4,0,65.04,0,171,55,32.16,Western Pacific
2020-02-22,77967,2457,21849,53661,1761,207,3883,3.15,28.02,11.25,30,,Cameroon,26545864,17110,391,14539,2180,402,6,0,2.29,84.97,2.69,16157,953,5.9,Africa
2020-02-23,78290,2467,22304,53519,323,10,455,3.15,28.49,11.06,31,,Canada,37742157,116458,8944,0,107514,682,11,0,7.68,0,,112925,3533,3.13,Americas
2020-02-24,78854,2627,24047,52180,564,160,1743,3.33,30.5,10.92,36,,Central African Rep.,4829764,4599,59,1546,2994,0,0,0,1.28,33.62,3.82,4548,51,1.12,Africa
2020-02-25,79707,2707,26652,50348,853,80,2605,3.4,33.44,10.16,41,,Chad,16425859,922,75,810,37,7,0,0,8.13,87.85,9.26,889,33,3.71,Africa
2020-02-26,80670,2767,29077,48826,963,60,2425,3.43,36.04,9.52,47,,Chile,19116209,347923,9187,319954,18782,2133,75,1859,2.64,91.96,2.87,333029,14894,4.47,Americas
2020-02-27,82034,2810,31919,47305,1364,43,2842,3.43,38.91,8.8,51,,China,1439323774,86783,4656,78869,3258,213,4,7,5.37,90.88,5.9,85622,1161,1.36,Western Pacific
2020-02-28,83411,2867,35306,45238,1377,57,3387,3.44,42.33,8.12,57,,Colombia,50882884,257101,8777,131161,117163,16306,508,11494,3.41,51.02,6.69,204005,53096,26.03,Americas
2020-02-29,85306,2936,38314,44056,1895,69,3008,3.44,44.91,7.66,61,,Comoros,869595,354,7,328,19,0,0,0,1.98,92.66,2.13,334,20,5.99,Africa
2020-03-01,87690,2990,41208,43492,2384,54,2894,3.41,46.99,7.26,66,,Dem. Rep. Congo,5518092,3200,54,829,2317,162,3,73,1.69,25.91,6.51,2851,349,12.24,Africa
2020-03-02,89664,3079,44085,42500,1974,89,2877,3.43,49.17,6.98,73,,Costa Rica,5094114,15841,115,3824,11902,612,11,88,0.73,24.14,3.01,11534,4307,37.34,Americas
2020-03-03,92241,3154,46681,42406,2577,75,2596,3.42,50.61,6.76,76,,CÃ´te d'Ivoire,"25,070,000",15655,96,10361,5198,59,0,183,0.61,66.18,0.93,14312,1343,9.38,Africa
2020-03-04,94540,3249,49619,41672,2299,95,2938,3.44,52.48,6.55,80,,Croatia,4105268,4881,139,3936,806,24,3,70,2.85,80.64,3.53,4370,511,11.69,Europe
2020-03-05,97331,3342,52237,41752,2791,93,2618,3.43,53.67,6.4,84,,Cuba,11326616,2532,87,2351,94,37,0,2,3.44,92.85,3.7,2446,86,3.52,Americas
2020-03-06,101274,3454,54270,43550,3943,112,2033,3.41,53.59,6.36,93,,Cyprus,875899,1060,19,852,189,3,0,0,1.79,80.38,2.23,1038,22,2.12,Europe
2020-03-07,105312,3553,56760,44999,4038,99,2490,3.37,53.9,6.26,94,,Czechia,10708982,15516,373,11428,3715,192,2,0,2.4,73.65,3.26,14098,1418,10.06,Europe
2020-03-08,109266,3797,59092,46377,3954,244,2332,3.48,54.08,6.43,99,,Denmark,5792203,13761,613,12605,543,109,0,77,4.45,91.6,4.86,13453,308,2.29,Europe
2020-03-09,113166,3981,60891,48294,3900,184,1799,3.52,53.81,6.54,102,,Djibouti,988002,5059,58,4977,24,9,0,11,1.15,98.38,1.17,5020,39,0.78,Eastern Mediterranean
2020-03-10,118190,4260,62802,51128,5024,279,1911,3.6,53.14,6.78,105,,Dominica,71991,18,0,18,0,0,0,0,0,100,0,18,0,0,Americas
2020-03-11,125853,4604,65113,56136,7663,344,2311,3.66,51.74,7.07,111,,Dominican Republic,10847904,64156,1083,30204,32869,1248,20,1601,1.69,47.08,3.59,53956,10200,18.9,Americas
2020-03-12,131603,4909,66434,60260,5750,305,1321,3.73,50.48,7.39,113,,Ecuador,17643060,81161,5532,34896,40733,467,17,0,6.82,43,15.85,74620,6541,8.77,Americas
2020-03-13,146008,5406,68359,72243,14405,497,1925,3.7,46.82,7.91,120,,Egypt,102334403,92482,4652,34838,52992,420,46,1007,5.03,37.67,13.35,88402,4080,4.62,Eastern Mediterranean
2020-03-14,157114,5823,70729,80562,11106,417,2370,3.71,45.02,8.23,133,,El Salvador,6486201,15035,408,7778,6849,405,8,130,2.71,51.73,5.25,12207,2828,23.17,Americas
2020-03-15,168260,6464,74139,87657,11146,641,3410,3.84,44.06,8.72,137,,Equatorial Guinea,1402985,3071,51,842,2178,0,0,0,1.66,27.42,6.06,3071,0,0,Africa
2020-03-16,182919,7144,76192,99583,14659,680,2053,3.91,41.65,9.38,143,,Eritrea,3546427,265,0,191,74,2,0,2,0,72.08,0,251,14,5.58,Africa
2020-03-17,198757,7948,78944,111865,15838,804,2752,4,39.72,10.07,146,,Estonia,1326539,2034,69,1923,42,0,0,1,3.39,94.54,3.59,2021,13,0.64,Europe
2020-03-18,218343,8845,81427,128071,19586,897,2483,4.05,37.29,10.86,150,,Eswatini,1160164,2316,34,1025,1257,109,2,39,1.47,44.26,3.32,1826,490,26.83,Africa
2020-03-19,246261,9951,83064,153246,27918,1106,1637,4.04,33.73,11.98,154,,Ethiopia,114963583,14547,228,6386,7933,579,5,170,1.57,43.9,3.57,10207,4340,42.52,Africa
2020-03-20,275869,11429,85509,178931,29608,1478,2445,4.14,31,13.37,161,,Fiji,896444,27,0,18,9,0,0,0,0,66.67,0,27,0,0,Western Pacific
2020-03-21,308175,13134,89775,205266,32306,1705,4266,4.26,29.13,14.63,163,,Finland,5540718,7398,329,6920,149,5,0,0,4.45,93.54,4.75,7340,58,0.79,Europe
2020-03-22,341585,14831,95990,230764,33410,1697,6215,4.34,28.1,15.45,168,,France,65273512,220352,30212,81212,108928,2551,17,267,13.71,36.86,37.2,214023,6329,2.96,Europe
2020-03-23,383750,16748,96456,270546,42165,1917,466,4.36,25.14,17.36,169,,Gabon,2225728,7189,49,4682,2458,205,0,219,0.68,65.13,1.05,6433,756,11.75,Africa
2020-03-24,424889,19016,105997,299876,41154,2268,9541,4.48,24.95,17.94,171,,Gambia,2416664,326,8,66,252,49,2,6,2.45,20.25,12.12,112,214,191.07,Africa
2020-03-25,475706,21793,111445,342468,50817,2777,5448,4.58,23.43,19.55,174,,Georgia,3989175,1137,16,922,199,6,0,2,1.41,81.09,1.74,1039,98,9.43,Europe
2020-03-26,538666,24800,119804,394062,62960,3007,8359,4.6,22.24,20.7,175,,Germany,83783945,207112,9125,190314,7673,445,1,259,4.41,91.89,4.79,203325,3787,1.86,Europe
2020-03-27,603066,28318,128508,446240,64400,3518,8704,4.7,21.31,22.04,176,,Ghana,31072945,33624,168,29801,3655,655,0,307,0.5,88.63,0.56,28430,5194,18.27,Africa
2020-03-28,670723,31997,136800,501926,67657,3679,8292,4.77,20.4,23.39,176,,Greece,10423056,4227,202,1374,2651,34,0,0,4.78,32.51,14.7,4012,215,5.36,Europe
2020-03-29,730300,35470,146261,548569,59577,3473,9461,4.86,20.03,24.25,176,,Greenland,"56,025",14,0,13,1,1,0,0,0,92.86,0,13,1,7.69,Europe
2020-03-30,794939,39634,161707,593598,64639,4164,15446,4.99,20.34,24.51,177,,Grenada,112519,23,0,23,0,0,0,0,0,100,0,23,0,0,Americas
2020-03-31,871355,44478,174074,652803,76416,4844,12367,5.1,19.98,25.55,179,,Guatemala,17915567,45309,1761,32455,11093,256,27,843,3.89,71.63,5.43,39039,6270,16.06,Americas
2020-04-01,947569,50029,189434,708106,76214,5551,15360,5.28,19.99,26.41,179,,Guinea,13132792,7055,45,6257,753,47,2,105,0.64,88.69,0.72,6590,465,7.06,Africa
2020-04-02,1028968,56334,206052,766582,81399,6305,16618,5.47,20.03,27.34,180,,Guinea-Bissau,1874000,1954,26,803,1125,0,0,0,1.33,41.1,3.24,1949,5,0.26,Africa
2020-04-03,1112123,62319,221060,828744,83155,5985,15008,5.6,19.88,28.19,180,,Guyana,786559,389,20,181,188,19,0,0,5.14,46.53,11.05,337,52,15.43,Americas
2020-04-04,1192586,68160,241072,883354,80463,5841,20012,5.72,20.21,28.27,180,,Haiti,11402533,7340,158,4365,2817,25,1,0,2.15,59.47,3.62,7053,287,4.07,Americas
2020-04-05,1264304,73181,254477,936646,71718,5021,13405,5.79,20.13,28.76,182,,Holy See,825,12,0,12,0,0,0,0,0,100,0,12,0,0,Europe
2020-04-06,1336976,79013,270812,987151,72672,5832,16335,5.91,20.26,29.18,183,,Honduras,9904608,39741,1166,5039,33536,465,50,117,2.93,12.68,23.14,34611,5130,14.82,Americas
2020-04-07,1413849,86915,293665,1033269,76873,7902,22853,6.15,20.77,29.6,183,,Hungary,9660350,4448,596,3329,523,13,0,0,13.4,74.84,17.9,4339,109,2.51,Europe
2020-04-08,1497624,93650,322017,1081957,83775,6735,28352,6.25,21.5,29.08,183,,Iceland,341250,1854,10,1823,21,7,0,0,0.54,98.33,0.55,1839,15,0.82,Europe
2020-04-09,1584249,101279,346349,1136621,86625,7629,24332,6.39,21.86,29.24,183,,India,1380004385,1480073,33408,951166,495499,44457,637,33598,2.26,64.26,3.51,1155338,324735,28.11,South-East Asia
2020-04-10,1671907,108551,367477,1195879,87658,7272,21128,6.49,21.98,29.54,184,,Indonesia,273523621,100303,4838,58173,37292,1525,57,1518,4.82,58,8.32,88214,12089,13.7,South-East Asia
2020-04-11,1748872,114620,392991,1241261,76965,6069,25514,6.55,22.47,29.17,184,,Iran,83992953,293606,15912,255144,22550,2434,212,1931,5.42,86.9,6.24,276202,17404,6.3,Eastern Mediterranean
2020-04-12,1845653,120351,411864,1313438,96802,5731,18873,6.52,22.32,29.22,184,,Iraq,40222503,112585,4458,77144,30983,2553,96,1927,3.96,68.52,5.78,94693,17892,18.89,Eastern Mediterranean
2020-04-13,1915247,126098,438395,1350754,69594,5747,26531,6.58,22.89,28.76,184,,Ireland,4937796,25892,1764,23364,764,11,0,0,6.81,90.24,7.55,25766,126,0.49,Europe
2020-04-14,1985174,132996,463014,1389164,69927,6898,24619,6.7,23.32,28.72,184,,Israel,8655541,63985,474,27133,36378,2029,4,108,0.74,42.41,1.75,52003,11982,23.04,Europe
2020-04-15,2066003,141308,498925,1425770,80829,8312,35911,6.84,24.15,28.32,184,,Italy,60461828,246286,35112,198593,12581,168,5,147,14.26,80.64,17.68,244624,1662,0.68,Europe
2020-04-16,2162715,148591,529015,1485109,96712,7283,30090,6.87,24.46,28.09,184,,Jamaica,2961161,853,10,714,129,11,0,0,1.17,83.7,1.4,809,44,5.44,Americas
2020-04-17,2250439,157481,554287,1538671,87724,8890,25272,7,24.63,28.41,184,,Japan,126476458,31142,998,21970,8174,594,0,364,3.2,70.55,4.54,25706,5436,21.15,Western Pacific
2020-04-18,2324396,163952,577789,1582655,73958,6471,23502,7.05,24.86,28.38,184,,Jordan,10203140,1176,11,1041,124,8,0,0,0.94,88.52,1.06,1223,-47,-3.84,Eastern Mediterranean
2020-04-19,2404919,168522,608557,1627840,80523,4570,30768,7.01,25.3,27.69,184,,Kazakhstan,18776707,84648,585,54404,29659,1526,0,1833,0.69,64.27,1.08,73468,11180,15.22,Europe
2020-04-20,2478258,173965,629862,1674431,73339,5443,21305,7.02,25.42,27.62,184,,Kenya,53771300,17975,285,7833,9857,372,5,90,1.59,43.58,3.64,13771,4204,30.53,Africa
2020-04-21,2553508,181122,664043,1708343,75250,7157,34181,7.09,26.01,27.28,184,,Kosovo,1932774,7413,185,4027,3201,496,16,274,2.5,54.32,4.59,5877,1536,26.14,Europe
2020-04-22,2630314,187877,693207,1749230,78994,6755,29164,7.14,26.35,27.1,184,,Kuwait,4270563,64379,438,55057,8884,606,5,684,0.68,85.52,0.8,59763,4616,7.72,Eastern Mediterranean
2020-04-23,2719327,194727,721689,1802911,89013,6850,28482,7.16,26.54,26.98,184,,Kyrgyzstan,6524191,33296,1301,21205,10790,483,24,817,3.91,63.69,6.14,27143,6153,22.67,Europe
2020-04-24,2806267,201401,771329,1833537,96974,6674,49640,7.18,27.49,26.11,184,,Laos,7275556,20,0,19,1,0,0,0,0,95,0,19,1,5.26,Western Pacific
2020-04-25,2891199,206979,798239,1885981,84932,5578,26910,7.16,27.61,25.93,184,,Latvia,1886202,1219,31,1045,143,0,0,0,2.54,85.73,2.97,1192,27,2.27,Europe
2020-04-26,2964146,210862,825969,1927315,72948,3883,27730,7.11,27.87,25.53,184,,Lebanon,6825442,3882,51,1709,2122,132,0,17,1.31,44.02,2.98,2905,977,33.63,Eastern Mediterranean
2020-04-27,3032850,215511,852382,1964957,68704,4649,26413,7.11,28.1,25.28,184,,Lesotho,2142252,505,12,128,365,0,0,0,2.38,25.35,9.38,359,146,40.67,Africa
2020-04-28,3108149,221974,884680,2001495,75404,6463,32298,7.14,28.46,25.09,184,,Liberia,5057677,1167,72,646,449,5,0,5,6.17,55.36,11.15,1107,60,5.42,Africa
2020-04-29,3185195,228742,925752,2030701,79558,6768,41072,7.18,29.06,24.71,184,,Libya,6871287,2827,64,577,2186,158,4,24,2.26,20.41,11.09,1980,847,42.78,Eastern Mediterranean
2020-04-30,3268876,234704,989616,2044556,83681,5962,63864,7.18,30.27,23.72,186,,Liechtenstein,38137,86,1,81,4,0,0,0,1.16,94.19,1.23,86,0,0,Europe
2020-05-01,3355922,239881,1026501,2089540,87046,5177,36885,7.15,30.59,23.37,186,,Lithuania,2722291,2019,80,1620,319,11,0,4,3.96,80.24,4.94,1947,72,3.7,Europe
2020-05-02,3437608,245206,1066362,2126040,81853,5325,39861,7.13,31.02,22.99,186,,Luxembourg,625976,6321,112,4825,1384,49,0,178,1.77,76.33,2.32,5639,682,12.09,Europe
2020-05-03,3515244,248659,1097577,2169008,77636,3453,31215,7.07,31.22,22.66,186,,Madagascar,27691019,9690,91,6260,3339,395,6,681,0.94,64.6,1.45,7153,2537,35.47,Africa
2020-05-04,3591321,252787,1130526,2208008,76078,4128,32949,7.04,31.48,22.36,186,,Malawi,19129955,3664,99,1645,1920,24,0,6,2.7,44.9,6.02,2992,672,22.46,Africa
2020-05-05,3671310,258658,1166155,2246497,79989,5871,35629,7.05,31.76,22.18,186,,Malaysia,32365998,8904,124,8601,179,7,0,1,1.39,96.6,1.44,8800,104,1.18,Western Pacific
2020-05-06,3761332,265327,1210894,2285111,90022,6669,44739,7.05,32.19,21.91,186,,Maldives,540542,3369,15,2547,807,67,0,19,0.45,75.6,0.59,2999,370,12.34,South-East Asia
2020-05-07,3850418,270736,1249311,2330371,90669,5409,38417,7.03,32.45,21.67,186,,Mali,20250834,2513,124,1913,476,3,1,2,4.93,76.12,6.48,2475,38,1.54,Africa
2020-05-08,3941935,276304,1284849,2380782,92997,5568,35538,7.01,32.59,21.5,186,,Malta,441539,701,9,665,27,1,0,0,1.28,94.86,1.35,677,24,3.55,Europe
2020-05-09,4027781,280569,1337367,2409845,85846,4265,52518,6.97,33.2,20.98,186,,Mauritania,4649660,6208,156,4653,1399,37,0,223,2.51,74.95,3.35,5923,285,4.81,Africa
2020-05-10,4104027,284135,1370108,2449784,76255,3566,32741,6.92,33.38,20.74,186,,Mauritius,1271767,344,10,332,2,0,0,0,2.91,96.51,3.01,343,1,0.29,Africa
2020-05-11,4180268,287608,1416204,2476456,76298,3473,46096,6.88,33.88,20.31,186,,Mexico,128932753,395489,44022,303810,47657,4973,342,8588,11.13,76.82,14.49,349396,46093,13.19,Americas
2020-05-12,4263867,293155,1452191,2518521,83619,5547,35987,6.88,34.06,20.19,186,,Moldova,4033963,23154,748,16154,6252,120,13,245,3.23,69.77,4.63,21115,2039,9.66,Europe
2020-05-13,4348619,298383,1506905,2543331,84917,5228,54714,6.86,34.65,19.8,187,,Monaco,39244,116,4,104,8,0,0,0,3.45,89.66,3.85,109,7,6.42,Europe
2020-05-14,4445724,303651,1545712,2596361,97106,5268,38807,6.83,34.77,19.64,187,,Mongolia,3278292,289,0,222,67,1,0,4,0,76.82,0,287,2,0.7,Western Pacific
2020-05-15,4542073,308866,1592880,2640327,96349,5215,47168,6.8,35.07,19.39,187,,Montenegro,628062,2893,45,809,2039,94,2,70,1.56,27.96,5.56,2188,705,32.22,Europe
2020-05-16,4637485,313037,1648546,2675902,95412,4171,55666,6.75,35.55,18.99,187,,Morocco,36910558,20887,316,16553,4018,609,3,115,1.51,79.25,1.91,17562,3325,18.93,Eastern Mediterranean
2020-05-17,4715994,316366,1688699,2710929,78509,3329,40153,6.71,35.81,18.73,187,,Mozambique,31255435,1701,11,0,1690,32,0,0,0.65,0,,1507,194,12.87,Africa
2020-05-18,4804278,319657,1740909,2743712,88284,3291,52210,6.65,36.24,18.36,187,,Namibia,2540916,1843,8,101,1734,68,0,26,0.43,5.48,7.92,1344,499,37.13,Africa
2020-05-19,4900702,324441,1792256,2784005,96633,4784,51347,6.62,36.57,18.1,187,,Nepal,29136808,18752,48,13754,4950,139,3,626,0.26,73.35,0.35,17844,908,5.09,South-East Asia
2020-05-20,5003730,329326,1850441,2823963,103028,4885,58185,6.58,36.98,17.8,187,,Netherlands,17134873,53413,6160,189,47064,419,1,0,11.53,0.35,3259.26,52132,1281,2.46,Europe
2020-05-21,5110064,334112,1900768,2875184,106438,4786,50327,6.54,37.2,17.58,187,,New Zealand,4822233,1557,22,1514,21,1,0,1,1.41,97.24,1.45,1555,2,0.13,Western Pacific
2020-05-22,5216964,339396,2008541,2869027,106900,5284,107773,6.51,38.5,16.9,187,,Nicaragua,6624554,3439,108,2492,839,0,0,0,3.14,72.46,4.33,3147,292,9.28,Americas
2020-05-23,5322253,343385,2062802,2916066,105289,3989,54261,6.45,38.76,16.65,187,,Niger,24206636,1132,69,1027,36,0,0,0,6.1,90.72,6.72,1105,27,2.44,Africa
2020-05-24,5417579,346525,2117555,2953499,95326,3140,54753,6.4,39.09,16.36,187,,Nigeria,206139587,41180,860,18203,22117,648,2,829,2.09,44.2,4.72,37225,3955,10.62,Africa
2020-05-25,5504542,347703,2180605,2976234,87335,1178,63050,6.32,39.61,15.95,187,,North Macedonia,2083380,10213,466,5564,4183,127,6,137,4.56,54.48,8.38,9249,964,10.42,Europe
2020-05-26,5597064,351906,2235118,3010040,92742,4203,54513,6.29,39.93,15.74,187,,Norway,5421242,9132,255,8752,125,15,0,0,2.79,95.84,2.91,9034,98,1.08,Europe
2020-05-27,5699664,357119,2297613,3044932,102600,5213,62495,6.27,40.31,15.54,187,,Oman,5106622,77058,393,57028,19637,1053,9,1729,0.51,74.01,0.69,68400,8658,12.66,Eastern Mediterranean
2020-05-28,5818978,361820,2363746,3093412,119314,4701,66133,6.22,40.62,15.31,187,,Pakistan,220892331,274289,5842,241026,27421,1176,20,3592,2.13,87.87,2.42,266096,8193,3.08,Eastern Mediterranean
2020-05-29,5940145,366562,2440127,3133456,121167,4742,76381,6.17,41.08,15.02,187,,Panama,4314768,61442,1322,35086,25034,1146,28,955,2.15,57.1,3.77,54426,7016,12.89,Americas
2020-05-30,6077978,370718,2509981,3197279,137833,4156,69854,6.1,41.3,14.77,187,,Papua New Guinea,8947027,62,0,11,51,0,0,0,0,17.74,0,19,43,226.32,Western Pacific
2020-05-31,6185530,373606,2585589,3226335,107552,2888,75608,6.04,41.8,14.45,187,,Paraguay,7132530,4548,43,2905,1600,104,2,111,0.95,63.87,1.48,3748,800,21.34,Americas
2020-06-01,6280725,376674,2639599,3264452,95195,3068,54010,6,42.03,14.27,187,,Peru,32971846,389717,18418,272547,98752,13756,575,4697,4.73,69.93,6.76,357681,32036,8.96,Americas
2020-06-02,6401536,381497,2743083,3276956,121577,4823,103484,5.96,42.85,13.91,187,,Philippines,109581085,82040,1945,26446,53649,1592,13,336,2.37,32.24,7.35,68898,13142,19.07,Western Pacific
2020-06-03,6520924,387069,2821430,3312425,119389,5572,78347,5.94,43.27,13.72,187,,Poland,37846605,43402,1676,32856,8870,337,5,103,3.86,75.7,5.1,40383,3019,7.48,Europe
2020-06-04,6647861,392218,2890776,3364867,126937,5149,69346,5.9,43.48,13.57,187,,Portugal,10196707,50299,1719,35375,13205,135,2,158,3.42,70.33,4.86,48771,1528,3.13,Europe
2020-06-05,6778724,396994,2959037,3422693,130863,4776,68261,5.86,43.65,13.42,187,,Qatar,2881060,109597,165,106328,3104,292,0,304,0.15,97.02,0.16,107037,2560,2.39,Eastern Mediterranean
2020-06-06,6914666,400875,3030214,3483577,135942,3881,71177,5.8,43.82,13.23,187,,Romania,19237682,45902,2206,25794,17902,1104,19,151,4.81,56.19,8.55,38139,7763,20.35,Europe
2020-06-07,7026925,403617,3084718,3538590,112259,2742,54504,5.74,43.9,13.08,187,,Russia,145934460,816680,13334,602249,201097,5607,85,3077,1.63,73.74,2.21,776212,40468,5.21,Europe
2020-06-08,7129150,407314,3235640,3486196,102225,3697,150922,5.71,45.39,12.59,187,,Rwanda,12952209,1879,5,975,899,58,0,57,0.27,51.89,0.51,1629,250,15.35,Africa
2020-06-09,7253492,412236,3317121,3524135,124342,4922,81481,5.68,45.73,12.43,187,,Saint Kitts and Nevis,53192,17,0,15,2,0,0,0,0,88.24,0,17,0,0,Americas
2020-06-10,7387517,417441,3395154,3574922,134025,5205,78033,5.65,45.96,12.3,187,,Saint Lucia,183629,24,0,22,2,0,0,0,0,91.67,0,23,1,4.35,Americas
2020-06-11,7525631,422215,3480121,3623295,138114,4774,84967,5.61,46.24,12.13,187,,Saint Vincent and the Grenadines,110947,52,0,39,13,0,0,0,0,75,0,50,2,4,Americas
2020-06-12,7654725,426512,3558933,3669280,129094,4297,78812,5.57,46.49,11.98,187,,San Marino,33938,699,42,657,0,0,0,0,6.01,93.99,6.39,699,0,0,Europe
2020-06-13,7790735,430750,3644048,3715937,136010,4238,85115,5.53,46.77,11.82,187,,Sao Tome and Principe,219161,865,14,734,117,2,0,38,1.62,84.86,1.91,746,119,15.95,Africa
2020-06-14,7924156,434124,3714006,3776026,133421,3374,69958,5.48,46.87,11.69,187,,Saudi Arabia,34813867,268934,2760,222936,43238,1993,27,2613,1.03,82.9,1.24,253349,15585,6.15,Eastern Mediterranean
2020-06-15,8043794,437549,3793406,3812839,119638,3425,79400,5.44,47.16,11.53,187,,Senegal,16743930,9764,194,6477,3093,83,3,68,1.99,66.34,3,8948,816,9.12,Africa
2020-06-16,8185197,444416,3890800,3849981,141403,6867,97394,5.43,47.53,11.42,187,,Serbia,6804596,24141,543,0,23598,411,9,0,2.25,0,,21253,2888,13.59,Europe
2020-06-17,8327050,449671,4008201,3869178,141853,5255,117401,5.4,48.13,11.22,187,,Seychelles,98340,114,0,39,75,0,0,0,0,34.21,0,108,6,5.56,Africa
2020-06-18,8466978,454700,4088826,3923452,139928,5029,80625,5.37,48.29,11.12,187,,Sierra Leone,7976985,1783,66,1317,400,0,0,4,3.7,73.86,5.01,1711,72,4.21,Africa
2020-06-19,8647784,460973,4183298,4003513,180954,6273,94472,5.33,48.37,11.02,187,,Singapore,5850343,50838,27,45692,5119,469,0,171,0.05,89.88,0.06,48035,2803,5.84,Western Pacific
2020-06-20,8805336,465222,4298603,4041511,157552,4249,115305,5.28,48.82,10.82,187,,Slovakia,5459643,2181,28,1616,537,2,0,39,1.28,74.09,1.73,1980,201,10.15,Europe
2020-06-21,8933875,469185,4366875,4097815,128539,3963,68272,5.25,48.88,10.74,187,,Slovenia,2078932,2087,116,1733,238,5,0,55,5.56,83.04,6.69,1953,134,6.86,Europe
2020-06-22,9071733,472756,4458093,4140884,137858,3571,91218,5.21,49.14,10.6,187,,Somalia,15893219,3196,93,1543,1560,18,0,22,2.91,48.28,6.03,3130,66,2.11,Eastern Mediterranean
2020-06-23,9237071,478067,4561696,4197308,165338,5311,103603,5.18,49.38,10.48,187,,South Africa,59308690,452529,7067,274925,170537,7096,298,9848,1.56,60.75,2.57,373628,78901,21.12,Africa
2020-06-24,9408254,483328,4677005,4247921,171183,5261,115309,5.14,49.71,10.33,187,,South Korea,51640000,14203,300,13007,896,28,1,102,2.11,91.58,2.31,13816,387,2.8,Western Pacific
2020-06-25,9586141,489955,4769458,4326728,177887,6627,92453,5.11,49.75,10.27,187,,South Sudan,11193729,2305,46,1175,1084,43,1,0,2,50.98,3.91,2211,94,4.25,Africa
2020-06-26,9777487,494782,4875774,4406931,191346,4827,106316,5.06,49.87,10.15,187,,Spain,46754783,272421,28432,150376,93613,0,0,0,10.44,55.2,18.91,264836,7585,2.86,Europe
2020-06-27,9955597,499268,4981808,4474521,178110,4486,106034,5.01,50.04,10.02,187,,Sri Lanka,21413250,2805,11,2121,673,23,0,15,0.39,75.61,0.52,2730,75,2.75,South-East Asia
2020-06-28,10117227,502357,5070592,4544278,162349,3089,88784,4.97,50.12,9.91,187,,Sudan,43849269,11424,720,5939,4765,39,3,49,6.3,51.99,12.12,10992,432,3.93,Eastern Mediterranean
2020-06-29,10275799,506078,5164494,4605227,158572,3721,93902,4.92,50.26,9.8,187,,Suriname,586634,1483,24,925,534,44,1,35,1.62,62.37,2.59,1079,404,37.44,Americas
2020-06-30,10449697,511210,5281459,4657028,173898,5132,116965,4.89,50.54,9.68,187,,Sweden,10099270,79395,5700,0,73695,398,3,0,7.18,0,,78048,1347,1.73,Europe
2020-07-01,10667386,516221,5397083,4754082,217689,5011,115624,4.84,50.59,9.56,187,,Switzerland,8654618,34477,1978,30900,1599,65,1,200,5.74,89.62,6.4,33634,843,2.51,Europe
2020-07-02,10875091,521341,5681477,4672273,207705,5120,284394,4.79,52.24,9.18,187,,Syria,17500657,674,40,0,634,24,2,0,5.93,0,,522,152,29.12,Eastern Mediterranean
2020-07-03,11078585,526336,5790942,4761307,203495,4995,109465,4.75,52.27,9.09,187,,Taiwan,23816775,462,7,440,15,4,0,0,1.52,95.24,1.59,451,11,2.44,Western Pacific
2020-07-04,11272152,530705,5986375,4755072,193567,4369,195433,4.71,53.11,8.87,187,,Tajikistan,9537642,7235,60,6028,1147,43,1,58,0.83,83.32,1,6921,314,4.54,Europe
2020-07-05,11454847,534150,6105546,4815151,182695,3445,119171,4.66,53.3,8.75,187,,Tanzania,56320000,509,21,183,305,0,0,0,4.13,35.95,11.48,509,0,0,Africa
2020-07-06,11622190,537947,6228768,4855475,167343,3797,123222,4.63,53.59,8.64,187,,Thailand,69799978,3297,58,3111,128,6,0,2,1.76,94.36,1.86,3250,47,1.45,South-East Asia
2020-07-07,11833034,544054,6373513,4915467,210844,6107,144745,4.6,53.86,8.54,187,,Timor-Leste,1268000,24,0,0,24,0,0,0,0,0,0,24,0,0,South-East Asia
2020-07-08,12044836,549373,6531016,4964447,211802,5319,157503,4.56,54.22,8.41,187,,Togo,8278737,874,18,607,249,6,0,8,2.06,69.45,2.97,783,91,11.62,Africa
2020-07-09,12273063,554831,6665237,5052995,228227,5458,134221,4.52,54.31,8.32,187,,Trinidad and Tobago,1399491,148,8,128,12,1,0,0,5.41,86.49,6.25,137,11,8.03,Americas
2020-07-10,12505640,560142,6804254,5141244,232577,5311,139017,4.48,54.41,8.23,187,,Tunisia,11818618,1455,50,1157,248,3,0,15,3.44,79.52,4.32,1381,74,5.36,Eastern Mediterranean
2020-07-11,12721968,565039,6929711,5227218,216328,4897,125457,4.44,54.47,8.15,187,,Turkey,84339067,227019,5630,210469,10920,919,17,982,2.48,92.71,2.67,220572,6447,2.92,Europe
2020-07-12,12914636,568993,7041174,5304469,192668,3954,111463,4.41,54.52,8.08,187,,United States of America,45741000,4290259,148011,1325804,2816444,56336,1076,27941,3.45,30.9,11.16,3834677,455582,11.88,Americas
2020-07-13,13107415,572808,7181139,5353468,192779,3815,139965,4.37,54.79,7.98,187,,Uganda,43733759,1128,2,986,140,13,0,4,0.18,87.41,0.2,1069,59,5.52,Africa
2020-07-14,13328867,578468,7322897,5427502,221452,5660,141758,4.34,54.94,7.9,187,,Ukraine,9890400,67096,1636,37202,28258,835,11,317,2.44,55.45,4.4,60767,6329,10.42,Europe
2020-07-15,13559984,583961,7482320,5493703,231122,5493,159423,4.31,55.18,7.8,187,,United Arab Emirates,67886004,59177,345,52510,6322,264,1,328,0.58,88.73,0.66,57193,1984,3.47,Eastern Mediterranean
2020-07-16,13812525,589760,7634241,5588524,252544,5799,151921,4.27,55.27,7.73,187,,United Kingdom,3473727,301708,45844,1437,254427,688,7,3,15.19,0.48,3190.26,296944,4764,1.6,Europe
2020-07-17,14054563,596503,7793760,5664300,242038,6743,159519,4.24,55.45,7.65,187,,Uruguay,331002647,1202,35,951,216,10,1,3,2.91,79.12,3.68,1064,138,12.97,Americas
2020-07-18,14292198,602130,7944550,5745518,237635,5627,150790,4.21,55.59,7.58,187,,Uzbekistan,33469199,21209,121,11674,9414,678,5,569,0.57,55.04,1.04,17149,4060,23.67,Europe
2020-07-19,14506845,606159,8032235,5868451,214647,4029,87685,4.18,55.37,7.55,187,,Venezuela,28435943,15988,146,9959,5883,525,4,213,0.91,62.29,1.47,12334,3654,29.63,Americas
2020-07-20,14713623,610319,8190777,5912527,206778,4160,158542,4.15,55.67,7.45,187,,Vietnam,97338583,431,0,365,66,11,0,0,0,84.69,0,384,47,12.24,Western Pacific
2020-07-21,14947078,616557,8364986,5965535,233565,6238,174209,4.12,55.96,7.37,187,,West Bank and Gaza,4430000,10621,78,3752,6791,152,2,0,0.73,35.33,2.08,8916,1705,19.12,Eastern Mediterranean
2020-07-22,15227725,623540,8541255,6062930,280647,6983,176269,4.09,56.09,7.3,187,,Western Sahara,597330,10,1,8,1,0,0,0,10,80,12.5,10,0,0,Africa
2020-07-23,15510481,633506,8710969,6166006,282756,9966,169714,4.08,56.16,7.27,187,,Yemen,29825968,1691,483,833,375,10,4,36,28.56,49.26,57.98,1619,72,4.45,Eastern Mediterranean
2020-07-24,15791645,639650,8939705,6212290,281164,6144,228736,4.05,56.61,7.16,187,,Zambia,18383956,4552,140,2815,1597,71,1,465,3.08,61.84,4.97,3326,1226,36.86,Africa
2020-07-25,16047190,644517,9158743,6243930,255545,4867,219038,4.02,57.07,7.04,187,,Zimbabwe,14862927,2704,36,542,2126,192,2,24,1.33,20.04,6.64,1713,991,57.85,Africa
2020-07-26,16251796,648621,9293464,6309711,204606,4104,134721,3.99,57.18,6.98,187,,,,,,,,,,,,,,,,,
2020-07-27,16480485,654036,9468087,6358362,228693,5415,174623,3.97,57.45,6.91,187,,,,,,,,,,,,,,,,,
